Название рассылки,Название кампании,Направление,Месяц,Дата,Год,Номер недели,День недели,День недели,Время,Веб-версия,Тема письма ,Сегмент ,Отправлено,Доставлено,Открытия,Клики,Баунсы (Все ошибки),Отписки,UTM Метка,Пользователей на сайте,Воронка продаж. Шаг 1,Воронка продаж. Шаг 2,Воронка продаж. Шаг 3
Название рассылки 115,Название кампании 115,Email,Апрель,15.04.2021,2021,15,4,04-четверг,12:04,#ССЫЛКА,Тема письма 115,Сегмент 1,688566,654138,94261,3676,34 428,4514,Метка 115,2 537,659,551,435
Название рассылки 116,Название кампании 116,Email,Апрель,21.04.2021,2021,16,3,03-среда,12:04,#ССЫЛКА,Тема письма 116,Сегмент 2,627527,596151,83342,6001,31 376,4113,Метка 116,5 821,2428,1971,1479
Название рассылки 117,Название кампании 117,Email,Апрель,22.04.2021,2021,16,4,04-четверг,12:04,#ССЫЛКА,Тема письма 117,Сегмент 1,1886230,1791919,285811,34297,94 312,12364,Метка 117,29 153,17664,17310,12637
Название рассылки 118,Название кампании 118,Email,Апрель,23.04.2021,2021,17,5,05-пятница,12:04,#ССЫЛКА,Тема письма 118,Сегмент 2,2342323,2225207,363154,32684,117 116,15354,Метка 118,30 069,11634,10121,7996
Название рассылки 119,Название кампании 119,Email,Апрель,30.04.2021,2021,18,5,05-пятница,12:04,#ССЫЛКА,Тема письма 119,Сегмент 3,724212,688001,99141,8328,36 211,4747,Метка 119,7 745,2677,2275,1888
Название рассылки 120,Название кампании 120,Email,Май,05.05.2021,2021,18,3,03-среда,12:04,#ССЫЛКА,Тема письма 120,Сегмент 2,1534412,1457691,232502,16740,76 721,9183,Метка 120,14 564,8293,6734,5320
Название рассылки 123,Название кампании 123,Email,Май,06.05.2021,2021,18,4,04-четверг,12:04,#ССЫЛКА,Тема письма 123,Сегмент 2,1543014,1519869,212478,17848,23 145,9575,Метка 123,15 171,9192,7813,6172
Название рассылки 121,Название кампании 121,Email,Май,11.05.2021,2021,19,2,02-вторник,12:04,#ССЫЛКА,Тема письма 121,Сегмент 3,1271610,1208030,197150,23658,63 581,7611,Метка 121,16 324,4239,4155,3116
Название рассылки 122,Название кампании 122,Email,Май,26.05.2021,2021,21,3,03-среда,12:04,#ССЫЛКА,Тема письма 122,Сегмент 1,1840578,1748549,251966,22677,92 029,11016,Метка 122,21 997,9175,7982,5827
Название рассылки 124,Название кампании 124,Email,Июнь,03.06.2021,2021,22,4,04-четверг,12:04,#ССЫЛКА,Тема письма 124,Сегмент 3,1908956,1870777,298389,11637,38 179,11786,Метка 124,10 706,4142,3463,2874
Название рассылки 127,Название кампании 127,Email,Июнь,11.06.2021,2021,24,5,05-пятница,12:04,#ССЫЛКА,Тема письма 127,Сегмент 3,1532124,1501482,209907,18892,30 642,9459,Метка 127,16 436,9359,8142,6106
Название рассылки 128,Название кампании 128,Email,Июнь,11.06.2021,2021,24,5,05-пятница,12:04,#ССЫЛКА,Тема письма 128,Сегмент 1,2204384,2160296,344567,28944,44 088,13610,Метка 128,19 971,5186,4409,3218
Название рассылки 129,Название кампании 129,Email,Июнь,17.06.2021,2021,24,4,04-четверг,12:04,#ССЫЛКА,Тема письма 129,Сегмент 2,637366,627806,102458,3996,9 560,3955,Метка 129,3 876,1617,1352,1068
Название рассылки 130,Название кампании 130,Email,Июнь,17.06.2021,2021,24,4,04-четверг,12:04,#ССЫЛКА,Тема письма 130,Сегмент 1,803451,787382,110076,13209,16 069,4724,Метка 130,12 152,4702,3996,3277
Название рассылки 131,Название кампании 131,Email,Июнь,17.06.2021,2021,24,4,04-четверг,12:04,#ССЫЛКА,Тема письма 131,Сегмент 2,712081,701400,111873,10069,10 681,4208,Метка 131,9 364,3236,2705,2137
Название рассылки 132,Название кампании 132,Email,Июнь,23.06.2021,2021,25,3,03-среда,12:04,#ССЫЛКА,Тема письма 132,Сегмент 3,1895354,1857447,303135,25463,37 907,11145,Метка 132,23 172,5594,4542,3407
Название рассылки 133,Название кампании 133,Email,Июнь,24.06.2021,2021,25,4,04-четверг,12:04,#ССЫЛКА,Тема письма 133,Сегмент 1,2087014,2045274,294724,11494,41 740,12272,Метка 133,10 000,5694,5580,4073
Название рассылки 134,Название кампании 134,Email,Июнь,25.06.2021,2021,26,5,05-пятница,12:04,#ССЫЛКА,Тема письма 134,Сегмент 2,937507,923444,129098,9295,14 063,5541,Метка 134,6 414,1666,1449,1145
Название рассылки 135,Название кампании 135,Email,Июнь,29.06.2021,2021,26,2,02-вторник,12:04,#ССЫЛКА,Тема письма 135,Сегмент 1,624628,612135,97636,11716,12 493,3673,Метка 135,11 365,4740,4029,3344
Название рассылки 125,Название кампании 125,Email,Июнь,30.06.2021,2021,26,3,03-среда,12:04,#ССЫЛКА,Тема письма 125,Сегмент 1,1048331,1027364,167666,12072,20 967,6472,Метка 125,11 227,3880,3151,2583
Название рассылки 126,Название кампании 126,Email,Июнь,30.06.2021,2021,26,3,03-среда,12:04,#ССЫЛКА,Тема письма 126,Сегмент 2,1139864,1122766,161791,19415,17 098,7073,Метка 126,17 668,4265,4180,3302
Название рассылки 136,Название кампании 136,Email,Июль,10.07.2021,2021,28,6,06-суббота,12:04,#ССЫЛКА,Тема письма 136,Сегмент 2,873732,856257,139741,12577,17 475,5138,Метка 136,10 690,6477,5415,4440
Название рассылки 137,Название кампании 137,Email,Июль,13.07.2021,2021,28,2,02-вторник,12:04,#ССЫЛКА,Тема письма 137,Сегмент 3,1191813,1173936,169164,14210,17 877,7044,Метка 137,13 073,5058,4107,3245
Название рассылки 138,Название кампании 138,Email,Июль,15.07.2021,2021,28,4,04-четверг,12:04,#ССЫЛКА,Тема письма 138,Сегмент 1,1496548,1466617,205033,7996,29 931,8800,Метка 138,7 437,2570,2185,1638
Название рассылки 139,Название кампании 139,Email,Июль,21.07.2021,2021,29,3,03-среда,12:04,#ССЫЛКА,Тема письма 139,Сегмент 2,1739639,1704846,271923,19578,34 793,10229,Метка 139,17 816,4301,3596,2625
Название рассылки 140,Название кампании 140,Email,Июль,24.07.2021,2021,30,6,06-суббота,12:04,#ССЫЛКА,Тема письма 140,Сегмент 1,1302288,1276242,183907,16552,26 046,7657,Метка 140,11 421,2966,2907,2412
Название рассылки 141,Название кампании 141,Email,Июль,28.07.2021,2021,30,3,03-среда,12:04,#ССЫЛКА,Тема письма 141,Сегмент 2,963389,944121,131988,11087,19 268,5665,Метка 141,10 754,4486,3903,3200
Название рассылки 142,Название кампании 142,Email,Август,03.08.2021,2021,31,2,02-вторник,12:04,#ССЫЛКА,Тема письма 142,Сегмент 3,2443329,2406679,265938,10372,36 650,13959,Метка 142,8 816,5342,4540,3587
Название рассылки 143,Название кампании 143,Email,Август,12.08.2021,2021,32,4,04-четверг,12:04,#ССЫЛКА,Тема письма 143,Сегмент 1,926161,907638,163375,11763,18 523,5264,Метка 143,10 822,4187,3500,2625
Название рассылки 144,Название кампании 144,Email,Август,17.08.2021,2021,33,2,02-вторник,12:04,#ССЫЛКА,Тема письма 144,Сегмент 2,2305760,2259645,393856,47263,46 115,13332,Метка 144,43 954,15191,12335,9004
Название рассылки 145,Название кампании 145,Email,Август,20.08.2021,2021,34,5,05-пятница,12:04,#ССЫЛКА,Тема письма 145,Сегмент 3,702289,691755,76439,6880,10 534,3943,Метка 145,6 260,1511,1285,1015
Название рассылки 146,Название кампании 146,Email,Август,24.08.2021,2021,34,2,02-вторник,12:04,#ССЫЛКА,Тема письма 146,Сегмент 1,573276,561810,101126,8495,11 466,3202,Метка 146,7 390,4208,3518,2920
Название рассылки 147,Название кампании 147,Email,Август,30.08.2021,2021,35,1,01-понедельник,12:04,#ССЫЛКА,Тема письма 147,Сегмент 2,1956368,1917241,334175,13033,39 127,9586,Метка 147,8 993,2335,1896,1555
Название рассылки 150,Название кампании 150,Email,Сентябрь,01.09.2021,2021,35,3,03-среда,12:04,#ССЫЛКА,Тема письма 150,Сегмент 3,846810,834108,92169,7742,12 702,4754,Метка 150,7 200,2488,2080,1643
Название рассылки 151,Название кампании 151,Email,Сентябрь,08.09.2021,2021,36,3,03-среда,12:04,#ССЫЛКА,Тема письма 151,Сегмент 1,1497564,1452637,133643,5212,44 927,7263,Метка 151,4 743,1145,930,772
Название рассылки 148,Название кампании 148,Email,Сентябрь,09.09.2021,2021,36,4,04-четверг,12:04,#ССЫЛКА,Тема письма 148,Сегмент 3,1380708,1359997,150280,10820,20 711,7888,Метка 148,10 496,4378,4290,3389
Название рассылки 152,Название кампании 152,Email,Сентябрь,13.09.2021,2021,37,1,01-понедельник,12:04,#ССЫЛКА,Тема письма 152,Сегмент 2,1470010,1425910,248536,17895,44 100,8270,Метка 152,15 568,8865,7535,6179
Название рассылки 149,Название кампании 149,Email,Сентябрь,16.09.2021,2021,37,4,04-четверг,12:04,#ССЫЛКА,Тема письма 149,Сегмент 1,624983,612483,110247,13230,12 500,3614,Метка 149,11 245,6813,5928,4446
Название рассылки 153,Название кампании 153,Email,Сентябрь,17.09.2021,2021,38,5,05-пятница,12:04,#ССЫЛКА,Тема письма 153,Сегмент 1,767766,744733,82293,9875,23 033,4394,Метка 153,6 814,1770,1479,1169
Название рассылки 154,Название кампании 154,Email,Сентябрь,22.09.2021,2021,38,3,03-среда,12:04,#ССЫЛКА,Тема письма 154,Сегмент 2,1668552,1618495,148902,13401,50 057,9225,Метка 154,12 999,5422,4403,3302
Название рассылки 157,Название кампании 157,Email,Октябрь,01.10.2021,2021,40,5,05-пятница,12:04,#ССЫЛКА,Тема письма 157,Сегмент 2,1719390,1667808,184293,13269,51 582,9673,Метка 157,12 340,4265,3463,2874
Название рассылки 158,Название кампании 158,Email,Октябрь,06.10.2021,2021,40,3,03-среда,12:04,#ССЫЛКА,Тема письма 158,Сегмент 3,1710675,1659355,298684,35842,51 320,9790,Метка 158,32 616,7874,7716,6327
Название рассылки 155,Название кампании 155,Email,Октябрь,08.10.2021,2021,41,5,05-пятница,12:04,#ССЫЛКА,Тема письма 155,Сегмент 3,1596215,1548329,269874,22669,47 886,8825,Метка 155,19 269,11675,9924,7244
Название рассылки 159,Название кампании 159,Email,Октябрь,13.10.2021,2021,41,3,03-среда,12:04,#ССЫЛКА,Тема письма 159,Сегмент 1,1269296,1231217,214601,19314,38 079,7018,Метка 159,16 803,9568,8324,6576
Название рассылки 156,Название кампании 156,Email,Октябрь,15.10.2021,2021,42,5,05-пятница,12:04,#ССЫЛКА,Тема письма 156,Сегмент 1,1274813,1236569,173120,6752,38 244,6183,Метка 156,6 212,2403,2009,1587
Название рассылки 160,Название кампании 160,Email,Октябрь,16.10.2021,2021,42,6,06-суббота,12:04,#ССЫЛКА,Тема письма 160,Сегмент 3,566216,549230,50529,1971,16 986,2746,Метка 160,1 912,797,667,487
Название рассылки 161,Название кампании 161,Email,Октябрь,18.10.2021,2021,42,1,01-понедельник,12:04,#ССЫЛКА,Тема письма 161,Сегмент 1,1626801,1577997,275045,19803,48 804,9152,Метка 161,16 833,10199,8282,6542
Название рассылки 162,Название кампании 162,Email,Октябрь,26.10.2021,2021,43,2,02-вторник,14:54,#ССЫЛКА,Тема письма 162,Сегмент 2,598309,580360,64130,7696,17 949,3424,Метка 162,7 080,2739,2684,2228
Название рассылки 163,Название кампании 163,Email,Октябрь,26.10.2021,2021,43,2,02-вторник,15:02,#ССЫЛКА,Тема письма 163,Сегмент 3,2492076,2417314,222393,20015,74 762,13779,Метка 163,18 614,6433,5597,4589
Название рассылки 1,Название кампании 1,Email,Октябрь,27.10.2021,2021,43,3,03-среда,19:24,#ССЫЛКА,Тема письма 1,Сегмент 1,780789,741750,148350,17802,39 039,7417,Метка 1,16 378,6337,6210,5154
Название рассылки 2,Название кампании 2,Email,Октябрь,29.10.2021,2021,44,5,05-пятница,18:00,#ССЫЛКА,Тема письма 2,Сегмент 3,2470588,2433529,268905,24201,37 059,7057,Метка 2,20 571,12464,10594,8370
Название рассылки 3,Название кампании 3,Email,Октябрь,29.10.2021,2021,44,5,05-пятница,18:07,#ССЫЛКА,Тема письма 3,Сегмент 2,867969,854949,149018,13412,13 020,111143,Метка 3,12 473,4311,3500,2765
Название рассылки 4,Название кампании 4,Email,Октябрь,29.10.2021,2021,44,5,05-пятница,18:50,#ССЫЛКА,Тема письма 4,Сегмент 1,2172492,2129042,235259,19762,43 450,234195,Метка 4,19 169,7995,6492,4739
Название рассылки 164,Название кампании 164,Email,Октябрь,30.10.2021,2021,44,6,06-суббота,11:02,#ССЫЛКА,Тема письма 164,Сегмент 1,2010902,1950575,215539,18105,60 327,11118,Метка 164,16 476,3977,3381,2671
Название рассылки 165,Название кампании 165,Email,Октябрь,30.10.2021,2021,44,6,06-суббота,11:02,#ССЫЛКА,Тема письма 165,Сегмент 2,873482,847278,152510,5948,26 204,4236,Метка 165,5 175,2946,2504,1878
Название рассылки 166,Название кампании 166,Email,Ноябрь,02.11.2021,2021,44,2,02-вторник,18:15,#ССЫЛКА,Тема письма 166,Сегмент 3,1058150,1026406,178902,12881,31 745,5953,Метка 166,8 888,2308,1930,1409
Название рассылки 167,Название кампании 167,Email,Ноябрь,02.11.2021,2021,44,2,02-вторник,18:14,#ССЫЛКА,Тема письма 167,Сегмент 1,1607791,1559557,172331,20680,48 234,9201,Метка 167,20 059,8367,6794,5367
Название рассылки 5,Название кампании 5,Email,Ноябрь,03.11.2021,2021,44,3,03-среда,14:43,#ССЫЛКА,Тема письма 5,Сегмент 1,1426654,1398121,251662,9815,28 533,153793,Метка 5,8 931,2156,1751,1313
Название рассылки 6,Название кампании 6,Email,Ноябрь,03.11.2021,2021,44,3,03-среда,14:44,#ССЫЛКА,Тема письма 6,Сегмент 3,1098904,1082420,188666,13584,16 484,9742,Метка 6,11 546,6996,5681,4488
Название рассылки 7,Название кампании 7,Email,Ноябрь,03.11.2021,2021,44,3,03-среда,14:46,#ССЫЛКА,Тема письма 7,Сегмент 3,1905139,1867036,325424,39051,38 103,16803,Метка 7,33 974,19345,15708,12881
Название рассылки 8,Название кампании 8,Email,Ноябрь,03.11.2021,2021,44,3,03-среда,10:38,#ССЫЛКА,Тема письма 8,Сегмент 2,1885534,1847823,204184,18377,37 711,16630,Метка 8,16 906,6541,5311,4408
Название рассылки 10,Название кампании 10,Email,Ноябрь,05.11.2021,2021,45,5,05-пятница,12:02,#ССЫЛКА,Тема письма 10,Сегмент 2,719370,683402,123012,11071,35 969,6834,Метка 10,10 296,3558,3096,2539
Название рассылки 168,Название кампании 168,Email,Ноябрь,05.11.2021,2021,45,5,05-пятница,12:02,#ССЫЛКА,Тема письма 168,Сегмент 2,2339384,2269202,208767,18789,70 182,12934,Метка 168,15 971,9677,9483,7871
Название рассылки 169,Название кампании 169,Email,Ноябрь,05.11.2021,2021,45,5,05-пятница,12:02,#ССЫЛКА,Тема письма 169,Сегмент 3,847444,822021,143278,12035,25 423,4686,Метка 169,11 073,4284,3727,3056
Название рассылки 9,Название кампании 9,Email,Ноябрь,05.11.2021,2021,45,5,05-пятница,12:02,#ССЫЛКА,Тема письма 9,Сегмент 2,635111,625584,112605,9459,9 527,5630,Метка 9,6 527,1695,1376,1087
Название рассылки 170,Название кампании 170,Email,Ноябрь,09.11.2021,2021,45,2,02-вторник,18:56,#ССЫЛКА,Тема письма 170,Сегмент 2,1977100,1917787,176436,12703,59 313,11123,Метка 170,11 560,2791,2333,1750
Название рассылки 171,Название кампании 171,Email,Ноябрь,09.11.2021,2021,45,2,02-вторник,18:56,#ССЫЛКА,Тема письма 171,Сегмент 1,1983507,1924002,212602,25512,59 505,11352,Метка 171,22 196,12638,10262,7491
Название рассылки 11,Название кампании 11,Email,Ноябрь,10.11.2021,2021,45,3,03-среда,10:29,#ССЫЛКА,Тема письма 11,Сегмент 1,659029,626078,87651,7363,32 951,4320,Метка 11,7 142,2979,2532,2000
Название рассылки 12,Название кампании 12,Email,Ноябрь,10.11.2021,2021,45,3,03-среда,10:32,#ССЫЛКА,Тема письма 12,Сегмент 1,595026,565275,79025,3082,29 751,3561,Метка 12,2 805,677,566,464
Название рассылки 13,Название кампании 13,Email,Ноябрь,10.11.2021,2021,45,3,03-среда,10:34,#ССЫЛКА,Тема письма 13,Сегмент 3,1662638,1629385,234794,16905,33 253,10265,Метка 13,14 369,8706,7070,5868
Название рассылки 14,Название кампании 14,Email,Ноябрь,10.11.2021,2021,45,3,03-среда,10:36,#ССЫЛКА,Тема письма 14,Сегмент 3,2451610,2414836,394101,47292,36 774,14489,Метка 14,41 144,23427,19023,15028
Название рассылки 15,Название кампании 15,Email,Ноябрь,11.11.2021,2021,45,4,04-четверг,12:11,#ССЫЛКА,Тема письма 15,Сегмент 2,676699,663165,115590,10403,13 534,3780,Метка 15,9 571,3703,3148,2298
Название рассылки 16,Название кампании 16,Email,Ноябрь,12.11.2021,2021,46,5,05-пятница,13:34,#ССЫЛКА,Тема письма 16,Сегмент 2,948436,919983,101658,8539,28 453,5244,Метка 16,5 892,1530,1301,975
Название рассылки 17,Название кампании 17,Email,Ноябрь,12.11.2021,2021,46,5,05-пятница,13:34,#ССЫЛКА,Тема письма 17,Сегмент 1,1502112,1457049,161004,6279,45 063,7285,Метка 17,5 840,2018,1715,1355
Название рассылки 172,Название кампании 172,Email,Ноябрь,12.11.2021,2021,46,5,05-пятница,18:09,#ССЫЛКА,Тема письма 172,Сегмент 2,562512,545637,98215,8839,16 875,3110,Метка 172,6 099,1584,1552,1226
Название рассылки 173,Название кампании 173,Email,Ноябрь,12.11.2021,2021,46,5,05-пятница,18:10,#ССЫЛКА,Тема письма 173,Сегмент 3,2295981,2250061,248632,20885,45 920,12825,Метка 173,20 259,8450,7351,6102
Название рассылки 174,Название кампании 174,Email,Ноябрь,12.11.2021,2021,46,5,05-пятница,18:10,#ССЫЛКА,Тема письма 174,Сегмент 1,2225984,2181464,392664,15314,44 520,10907,Метка 174,13 017,7887,6704,5497
Название рассылки 175,Название кампании 175,Email,Ноябрь,12.11.2021,2021,46,5,05-пятница,18:10,#ССЫЛКА,Тема письма 175,Сегмент 2,1597737,1573771,274308,19750,23 966,9128,Метка 175,18 170,7030,5976,4721
Название рассылки 176,Название кампании 176,Email,Ноябрь,12.11.2021,2021,46,5,05-пятница,18:10,#ССЫЛКА,Тема письма 176,Сегмент 3,1381312,1353686,149582,17950,27 626,7987,Метка 176,16 693,5769,4823,3617
Название рассылки 177,Название кампании 177,Email,Ноябрь,12.11.2021,2021,46,5,05-пятница,18:10,#ССЫЛКА,Тема письма 177,Сегмент 1,1906931,1868792,171929,15474,38 139,10652,Метка 177,14 081,3399,2760,2015
Название рассылки 178,Название кампании 178,Email,Ноябрь,12.11.2021,2021,46,5,05-пятница,18:10,#ССЫЛКА,Тема письма 178,Сегмент 2,2074099,2042988,356093,29912,31 111,11645,Метка 178,26 023,14818,14521,11472
Название рассылки 179,Название кампании 179,Email,Ноябрь,12.11.2021,2021,46,5,05-пятница,18:10,#ССЫЛКА,Тема письма 179,Сегмент 3,2169298,2125912,234913,9162,43 386,10630,Метка 179,6 322,1642,1428,1185
Название рассылки 18,Название кампании 18,Email,Ноябрь,12.11.2021,2021,46,5,05-пятница,13:34,#ССЫЛКА,Тема письма 18,Сегмент 1,1775030,1739529,160037,11523,35 501,10089,Метка 18,11 177,4662,3963,3249
Название рассылки 180,Название кампании 180,Email,Ноябрь,12.11.2021,2021,46,5,05-пятница,18:10,#ССЫЛКА,Тема письма 180,Сегмент 2,1937172,1908114,210847,25302,29 058,11258,Метка 180,21 506,13031,10894,8606
Название рассылки 181,Название кампании 181,Email,Ноябрь,12.11.2021,2021,46,5,05-пятница,18:10,#ССЫЛКА,Тема письма 181,Сегмент 3,961202,941978,169556,15260,19 224,5369,Метка 181,14 039,5432,4411,3308
Название рассылки 182,Название кампании 182,Email,Ноябрь,12.11.2021,2021,46,5,05-пятница,18:10,#ССЫЛКА,Тема письма 182,Сегмент 1,553518,542448,94549,7942,11 070,3092,Метка 182,7 386,2553,2502,1826
Название рассылки 19,Название кампании 19,Email,Ноябрь,12.11.2021,2021,46,5,05-пятница,13:34,#ССЫЛКА,Тема письма 19,Сегмент 1,2164372,2121085,234380,28126,43 287,12514,Метка 19,25 594,6178,5252,4359
Название рассылки 20,Название кампании 20,Email,Ноябрь,12.11.2021,2021,46,5,05-пятница,13:34,#ССЫЛКА,Тема письма 20,Сегмент 1,1813178,1776914,163476,13732,36 264,4975,Метка 20,12 633,4888,4086,3392
Название рассылки 21,Название кампании 21,Email,Ноябрь,12.11.2021,2021,46,5,05-пятница,13:34,#ССЫЛКА,Тема письма 21,Сегмент 1,1321760,1301934,226927,8850,19 826,3776,Метка 21,6 107,1586,1326,1047
Название рассылки 22,Название кампании 22,Email,Ноябрь,12.11.2021,2021,46,5,05-пятница,13:34,#ССЫЛКА,Тема письма 22,Сегмент 2,709715,695521,63988,2496,14 194,1043,Метка 22,2 296,888,755,566
Название рассылки 23,Название кампании 23,Email,Ноябрь,12.11.2021,2021,46,5,05-пятница,13:34,#ССЫЛКА,Тема письма 23,Сегмент 3,1423230,1394765,154122,11097,28 465,2092,Метка 23,10 320,3567,2982,2177
Название рассылки 24,Название кампании 24,Email,Ноябрь,12.11.2021,2021,46,5,05-пятница,13:34,#ССЫЛКА,Тема письма 24,Сегмент 1,1042456,1026819,184827,22179,15 637,133486,Метка 24,20 183,4872,3956,3125
Название рассылки 25,Название кампании 25,Email,Ноябрь,12.11.2021,2021,46,5,05-пятница,13:34,#ССЫЛКА,Тема письма 25,Сегмент 2,804062,787981,87072,7836,16 081,102437,Метка 25,6 818,3882,3804,3158
Название рассылки 26,Название кампании 26,Email,Ноябрь,12.11.2021,2021,46,5,05-пятница,13:34,#ССЫЛКА,Тема письма 26,Сегмент 3,1364133,1336850,240633,20213,27 283,173791,Метка 26,13 947,3622,3151,2584
Название рассылки 27,Название кампании 27,Email,Ноябрь,12.11.2021,2021,46,5,05-пятница,13:34,#ССЫЛКА,Тема письма 27,Сегмент 1,869029,855994,149200,5819,13 035,111279,Метка 27,5 644,2354,2001,1581
Название рассылки 28,Название кампании 28,Email,Ноябрь,12.11.2021,2021,46,5,05-пятница,13:34,#ССЫЛКА,Тема письма 28,Сегмент 2,2117234,2074889,229275,16508,42 345,269736,Метка 28,14 032,8502,7227,5420
Название рассылки 32,Название кампании 32,Email,Ноябрь,29.11.2021,2021,48,1,01-понедельник,17:11,#ССЫЛКА,Тема письма 32,Сегмент 2,1364105,1343643,148473,10690,20 462,174674,Метка 32,7 376,1916,1628,1286
Название рассылки 29,Название кампании 29,Email,Ноябрь,30.11.2021,2021,48,2,02-вторник,11:43,#ССЫЛКА,Тема письма 29,Сегмент 1,2373922,2326444,214033,25684,47 478,302438,Метка 29,23 629,9142,7643,5579
Название рассылки 183,Название кампании 183,Email,Декабрь,02.12.2021,2021,48,4,04-четверг,13:29,#ССЫЛКА,Тема письма 183,Сегмент 2,2423128,2386781,263739,10286,36 347,11934,Метка 183,9 360,2260,1966,1553
Название рассылки 184,Название кампании 184,Email,Декабрь,02.12.2021,2021,48,4,04-четверг,13:49,#ССЫЛКА,Тема письма 184,Сегмент 3,1613899,1581621,145509,10477,32 278,9173,Метка 184,9 115,5190,4411,3661
Название рассылки 185,Название кампании 185,Email,Декабрь,02.12.2021,2021,48,4,04-четверг,13:48,#ССЫЛКА,Тема письма 185,Сегмент 1,1168943,1145564,199672,23961,23 379,6759,Метка 185,16 533,4294,3650,2993
Название рассылки 186,Название кампании 186,Email,Декабрь,06.12.2021,2021,49,1,01-понедельник,15:36,#ССЫЛКА,Тема письма 186,Сегмент 2,1227828,1209411,133640,12028,18 417,6894,Метка 186,11 667,4866,4068,3214
Название рассылки 187,Название кампании 187,Email,Декабрь,06.12.2021,2021,49,1,01-понедельник,15:35,#ССЫЛКА,Тема письма 187,Сегмент 3,1137692,1114938,102574,8616,22 754,6355,Метка 187,7 324,4437,3603,2702
Название рассылки 30,Название кампании 30,Email,Декабрь,6.12.2021,2021,49,1,01-понедельник,15:53,#ССЫЛКА,Тема письма 30,Сегмент 3,2384393,2336705,258206,21689,47 688,303772,Метка 30,19 737,4765,4669,3876
Название рассылки 31,Название кампании 31,Email,Декабрь,6.12.2021,2021,49,1,01-понедельник,15:52,#ССЫЛКА,Тема письма 31,Сегмент 1,1688325,1654559,152219,5937,33 767,215093,Метка 31,5 165,2941,2559,2098
Название рассылки 189,Название кампании 189,Email,Декабрь,09.12.2021,2021,49,4,04-четверг,16:02,#ССЫЛКА,Тема письма 189,Сегмент 2,2131798,2099821,377968,27214,31 977,12179,Метка 189,25 309,8747,7610,6012
Название рассылки 190,Название кампании 190,Email,Декабрь,09.12.2021,2021,49,4,04-четверг,13:02,#ССЫЛКА,Тема письма 190,Сегмент 2,1478133,1448570,260743,23467,29 563,4925,Метка 190,20 416,11625,9718,7969
Название рассылки 34,Название кампании 34,Email,Декабрь,10.12.2021,2021,50,5,05-пятница,14:18,#ССЫЛКА,Тема письма 34,Сегмент 1,560494,549284,95740,8617,11 210,71407,Метка 34,7 324,4438,3603,2630
Название рассылки 35,Название кампании 35,Email,Декабрь,10.12.2021,2021,50,5,05-пятница,14:17,#ССЫЛКА,Тема письма 35,Сегмент 2,1857931,1830062,202222,16987,27 869,237908,Метка 35,15 628,6046,5925,4681
Название рассылки 188,Название кампании 188,Email,Декабрь,13.12.2021,2021,50,1,01-понедельник,14:46,#ССЫЛКА,Тема письма 188,Сегмент 1,1730060,1695459,187348,7307,34 601,8477,Метка 188,6 722,2601,2549,1861
Название рассылки 33,Название кампании 33,Email,Декабрь,13.12.2021,2021,50,1,01-понедельник,14:47,#ССЫЛКА,Тема письма 33,Сегмент 3,2198000,2154040,387727,46527,43 960,280025,Метка 33,45 131,18824,15737,11803
Название рассылки 191,Название кампании 191,Email,Декабрь,15.12.2021,2021,50,3,03-среда,14:22,#ССЫЛКА,Тема письма 191,Сегмент 3,1729870,1703922,296994,24947,25 948,5793,Метка 191,17 214,4470,3630,2868
Название рассылки 192,Название кампании 192,Email,Декабрь,15.12.2021,2021,50,3,03-среда,14:21,#ССЫЛКА,Тема письма 192,Сегмент 1,649502,636512,70335,2743,12 990,1846,Метка 192,2 661,1110,1088,816
Название рассылки 193,Название кампании 193,Email,Декабрь,16.12.2021,2021,50,4,04-четверг,13:20,#ССЫЛКА,Тема письма 193,Сегмент 2,2266270,2220945,204327,14712,45 325,6219,Метка 193,12 505,7577,6592,4812
Название рассылки 194,Название кампании 194,Email,Декабрь,16.12.2021,2021,50,4,04-четверг,13:18,#ССЫЛКА,Тема письма 194,Сегмент 3,1639899,1615301,281547,33786,24 598,5492,Метка 194,31 083,12026,10222,8075
Название рассылки 36,Название кампании 36,Email,Декабрь,16.12.2021,2021,50,4,04-четверг,13:27,#ССЫЛКА,Тема письма 36,Сегмент 3,2200788,2156772,198423,7738,44 016,280380,Метка 36,7 197,2487,2164,1796
Название рассылки 37,Название кампании 37,Email,Декабрь,16.12.2021,2021,50,4,04-четверг,13:22,#ССЫЛКА,Тема письма 37,Сегмент 1,1792197,1756353,306132,22042,35 844,193199,Метка 37,20 058,4842,4116,3375
Название рассылки 195,Название кампании 195,Email,Декабрь,20.12.2021,2021,51,1,01-понедельник,17:03,#ССЫЛКА,Тема письма 195,Сегмент 1,1307090,1280948,141545,12739,26 142,4355,Метка 195,11 847,4094,3480,2889
Название рассылки 196,Название кампании 196,Email,Декабрь,20.12.2021,2021,51,1,01-понедельник,14:58,#ССЫЛКА,Тема письма 196,Сегмент 2,2089912,2048114,188426,15828,41 798,5940,Метка 196,14 403,3477,2907,2384
Название рассылки 38,Название кампании 38,Email,Декабрь,20.12.2021,2021,51,1,01-понедельник,14:53,#ССЫЛКА,Тема письма 38,Сегмент 2,1128193,1111270,122795,14735,16 923,122240,Метка 38,12 820,7300,6205,4902
Название рассылки 39,Название кампании 39,Email,Декабрь,20.12.2021,2021,51,1,01-понедельник,17:03,#ССЫЛКА,Тема письма 39,Сегмент 3,1990579,1950767,179471,16152,39 812,214584,Метка 39,11 145,2894,2420,1815
Название рассылки 40,Название кампании 40,Email,Декабрь,20.12.2021,2021,51,1,01-понедельник,16:43,#ССЫЛКА,Тема письма 40,Сегмент 2,2175402,2142771,385699,15042,32 631,235705,Метка 40,12 786,7747,7592,5998
Название рассылки 41,Название кампании 41,Email,Декабрь,20.12.2021,2021,51,1,01-понедельник,17:32,#ССЫЛКА,Тема письма 41,Сегмент 3,1091818,1069982,118233,8513,21 836,117698,Метка 41,7 832,3030,2636,2188
Название рассылки 42,Название кампании 42,Email,Декабрь,20.12.2021,2021,51,1,01-понедельник,16:39,#ССЫЛКА,Тема письма 42,Сегмент 1,2150823,2107807,379405,45529,43 016,231859,Метка 42,42 342,14633,12438,10199
Название рассылки 43,Название кампании 43,Email,Декабрь,21.12.2021,2021,51,2,02-вторник,14:02,#ССЫЛКА,Тема письма 43,Сегмент 2,2268535,2234507,389475,35053,34 028,245796,Метка 43,31 898,7700,6437,5085
Название рассылки 200,Название кампании 200,Email,Декабрь,23.12.2021,2021,51,4,04-четверг,14:43,#ССЫЛКА,Тема письма 200,Сегмент 2,2223699,2179225,379839,14814,44 474,5448,Метка 200,13 777,4761,3866,3170
Название рассылки 201,Название кампании 201,Email,Декабрь,23.12.2021,2021,51,4,04-четверг,14:45,#ССЫЛКА,Тема письма 201,Сегмент 3,1396682,1375732,152018,10945,20 950,3302,Метка 201,9 960,2404,2356,1861
Название рассылки 197,Название кампании 197,Email,Декабрь,27.12.2021,2021,52,1,01-понедельник,16:08,#ССЫЛКА,Тема письма 197,Сегмент 3,2478293,2441119,269744,10520,37 174,6835,Метка 197,9 152,5211,4232,3343
Название рассылки 198,Название кампании 198,Email,Декабрь,27.12.2021,2021,52,1,01-понедельник,13:17,#ССЫЛКА,Тема письма 198,Сегмент 1,2107380,2065232,371742,26765,42 148,7022,Метка 198,18 468,4796,4700,3525
Название рассылки 199,Название кампании 199,Email,Декабрь,27.12.2021,2021,52,1,01-понедельник,16:06,#ССЫЛКА,Тема письма 199,Сегмент 2,1352779,1325723,231074,27729,27 056,4507,Метка 199,26 897,11219,9760,7125
Название рассылки 202,Название кампании 202,Email,Декабрь,27.12.2021,2021,52,1,01-понедельник,14:15,#ССЫЛКА,Тема письма 202,Сегмент 1,868107,850745,78269,9392,17 362,2467,Метка 202,8 171,4653,4048,3036
Название рассылки 44,Название кампании 44,Email,Декабрь,28.12.2021,2021,52,2,02-вторник,14:19,#ССЫЛКА,Тема письма 44,Сегмент 3,1442683,1413829,156228,13123,28 854,155521,Метка 44,11 417,6501,5279,3959
Название рассылки 203,Название кампании 203,Email,Январь,05.01.2022,2022,1,3,03-среда,12:03,#ССЫЛКА,Тема письма 203,Сегмент 2,510034,499833,55232,4971,10 201,1400,Метка 203,3 430,891,757,553
Название рассылки 45,Название кампании 45,Email,Январь,05.01.2022,2022,1,3,03-среда,11:03,#ССЫЛКА,Тема письма 45,Сегмент 1,919076,900694,82864,3232,18 382,99076,Метка 45,2 230,579,568,414
Название рассылки 46,Название кампании 46,Email,Январь,05.01.2022,2022,1,3,03-среда,11:03,#ССЫЛКА,Тема письма 46,Сегмент 2,773615,762011,132818,9563,11 604,83821,Метка 46,9 276,3869,3366,2659
Название рассылки 204,Название кампании 204,Email,Январь,10.01.2022,2022,2,1,01-понедельник,16:32,#ССЫЛКА,Тема письма 204,Сегмент 3,542459,534322,96178,8079,8 137,1336,Метка 204,7 837,3269,2778,2195
Название рассылки 205,Название кампании 205,Email,Январь,10.01.2022,2022,2,1,01-понедельник,14:59,#ССЫЛКА,Тема письма 205,Сегмент 1,553237,542172,59910,2336,11 065,1301,Метка 205,1 986,1203,1006,835
Название рассылки 206,Название кампании 206,Email,Январь,10.01.2022,2022,2,1,01-понедельник,16:02,#ССЫЛКА,Тема письма 206,Сегмент 2,838103,821341,147841,10645,16 762,2382,Метка 206,9 793,3789,3077,2523
Название рассылки 207,Название кампании 207,Email,Январь,10.01.2022,2022,2,1,01-понедельник,15:32,#ССЫЛКА,Тема письма 207,Сегмент 1,2289758,2255412,393118,47174,34 346,6315,Метка 207,43 872,15162,14859,11739
Название рассылки 47,Название кампании 47,Email,Январь,10.01.2022,2022,2,1,01-понедельник,14:54,#ССЫЛКА,Тема письма 47,Сегмент 1,1588300,1556534,171997,20640,31 766,171219,Метка 47,17 544,10630,9035,7499
Название рассылки 48,Название кампании 48,Email,Январь,10.01.2022,2022,2,1,01-понедельник,14:57,#ССЫЛКА,Тема письма 48,Сегмент 2,1759690,1724496,158654,14279,35 194,189695,Метка 48,13 137,5083,4320,3543
Название рассылки 208,Название кампании 208,Email,Январь,13.01.2022,2022,2,4,04-четверг,13:03,#ССЫЛКА,Тема письма 208,Сегмент 2,2395740,2347825,259435,23349,47 915,5870,Метка 208,21 248,5129,4462,3347
Название рассылки 209,Название кампании 209,Email,Январь,13.01.2022,2022,2,4,04-четверг,13:03,#ССЫЛКА,Тема письма 209,Сегмент 3,1539816,1509020,138830,11662,30 796,3622,Метка 209,10 146,5777,4910,3585
Название рассылки 210,Название кампании 210,Email,Январь,13.01.2022,2022,2,4,04-четверг,13:03,#ССЫЛКА,Тема письма 210,Сегмент 2,1839175,1802392,199164,14340,36 784,2704,Метка 210,13 910,5802,4711,3910
Название рассылки 211,Название кампании 211,Email,Январь,13.01.2022,2022,2,4,04-четверг,13:03,#ССЫЛКА,Тема письма 211,Сегмент 3,1953295,1914229,176109,21133,39 066,2871,Метка 211,17 963,10884,10666,8746
Название рассылки 53,Название кампании 53,Email,Январь,13.01.2022,2022,2,4,04-четверг,15:32,#ССЫЛКА,Тема письма 53,Сегмент 2,2288886,2243108,390974,32842,45 778,246742,Метка 53,27 916,16914,14140,11595
Название рассылки 54,Название кампании 54,Email,Январь,13.01.2022,2022,2,4,04-четверг,15:32,#ССЫЛКА,Тема письма 54,Сегмент 3,1082722,1066481,117846,4596,16 241,117313,Метка 54,4 228,1636,1328,1049
Название рассылки 55,Название кампании 55,Email,Январь,13.01.2022,2022,2,4,04-четверг,15:32,#ССЫЛКА,Тема письма 55,Сегмент 1,1217975,1193616,109813,7907,24 360,131298,Метка 55,7 353,2541,2490,1868
Название рассылки 56,Название кампании 56,Email,Январь,13.01.2022,2022,2,4,04-четверг,15:32,#ССЫЛКА,Тема письма 56,Сегмент 2,2434236,2385551,263603,31632,48 685,262411,Метка 56,28 785,6949,6045,4413
Название рассылки 49,Название кампании 49,Email,Январь,14.01.2022,2022,3,5,05-пятница,12:18,#ССЫЛКА,Тема письма 49,Сегмент 3,1925119,1896242,209535,17601,28 877,208587,Метка 49,16 369,5657,4729,3736
Название рассылки 50,Название кампании 50,Email,Январь,14.01.2022,2022,3,5,05-пятница,12:18,#ССЫЛКА,Тема письма 50,Сегмент 2,2113773,2071498,361062,25996,42 275,227865,Метка 50,22 617,12878,12621,9213
Название рассылки 51,Название кампании 51,Email,Январь,14.01.2022,2022,3,5,05-пятница,12:18,#ССЫЛКА,Тема письма 51,Сегмент 3,963320,948870,104850,12582,14 450,104376,Метка 51,8 682,2255,1962,1550
Название рассылки 52,Название кампании 52,Email,Январь,14.01.2022,2022,3,5,05-пятница,12:18,#ССЫЛКА,Тема письма 52,Сегмент 1,1085551,1063840,97873,8809,21 711,117022,Метка 52,8 544,3564,3029,2514
Название рассылки 212,Название кампании 212,Email,Январь,17.01.2022,2022,3,1,01-понедельник,15:48,#ССЫЛКА,Тема письма 212,Сегмент 1,1616729,1592478,175969,15837,24 251,2389,Метка 212,14 570,5637,4904,3874
Название рассылки 57,Название кампании 57,Email,Январь,17.01.2022,2022,3,1,01-понедельник,15:32,#ССЫЛКА,Тема письма 57,Сегмент 3,1722650,1696810,305426,27488,25 840,15271,Метка 57,23 915,13617,11575,9144
Название рассылки 213,Название кампании 213,Email,Январь,19.01.2022,2022,3,3,03-среда,18:03,#ССЫЛКА,Тема письма 213,Сегмент 2,877792,860236,154843,13007,17 556,1290,Метка 213,12 096,4180,3553,2665
Название рассылки 214,Название кампании 214,Email,Январь,19.01.2022,2022,3,3,03-среда,18:32,#ССЫЛКА,Тема письма 214,Сегмент 3,2092885,2051027,357494,13942,41 858,3077,Метка 214,12 687,3063,2603,1900
Название рассылки 215,Название кампании 215,Email,Январь,19.01.2022,2022,3,3,03-среда,18:06,#ССЫЛКА,Тема письма 215,Сегмент 1,1305992,1286402,142147,10235,19 590,1930,Метка 215,8 904,5070,4239,3348
Название рассылки 216,Название кампании 216,Email,Январь,19.01.2022,2022,3,3,03-среда,18:06,#ССЫЛКА,Тема письма 216,Сегмент 2,1712023,1677783,154356,18523,34 240,2517,Метка 216,12 781,3319,2695,2237
Название рассылки 217,Название кампании 217,Email,Январь,20.01.2022,2022,3,4,04-четверг,13:53,#ССЫЛКА,Тема письма 217,Сегмент 3,2102905,2060847,359206,32329,42 058,3091,Метка 217,31 359,13080,12818,10511
Название рассылки 218,Название кампании 218,Email,Январь,20.01.2022,2022,3,4,04-четверг,13:53,#ССЫЛКА,Тема письма 218,Сегмент 1,701456,690934,76348,6413,10 522,1036,Метка 218,5 451,3303,2874,2270
Название рассылки 58,Название кампании 58,Email,Январь,21.01.2022,2022,4,5,05-пятница,12:52,#ССЫЛКА,Тема письма 58,Сегмент 1,1532716,1502062,165978,13942,30 654,13519,Метка 58,9 620,2498,2124,1763
Название рассылки 59,Название кампании 59,Email,Январь,25.01.2022,2022,4,2,02-вторник,15:32,#ССЫЛКА,Тема письма 59,Сегмент 2,2054933,2013834,362490,14137,41 099,18125,Метка 59,13 713,5720,4782,3921
Название рассылки 60,Название кампании 60,Email,Январь,25.01.2022,2022,4,2,02-вторник,15:32,#ССЫЛКА,Тема письма 60,Сегмент 1,756282,741156,81898,9828,15 126,6670,Метка 60,9 042,3498,3428,2571
Название рассылки 61,Название кампании 61,Email,Январь,27.01.2022,2022,4,4,04-четверг,12:52,#ССЫЛКА,Тема письма 61,Сегмент 2,664194,650910,59884,5390,13 284,5858,Метка 61,5 012,1732,1507,1100
Название рассылки 62,Название кампании 62,Email,Январь,27.01.2022,2022,4,4,04-четверг,12:52,#ССЫЛКА,Тема письма 62,Сегмент 3,1778134,1751462,305280,25644,26 672,15763,Метка 62,23 336,5633,4788,3783
Название рассылки 63,Название кампании 63,Email,Январь,27.01.2022,2022,4,4,04-четверг,12:52,#ССЫЛКА,Тема письма 63,Сегмент 1,1689302,1655516,182935,7134,33 786,14900,Метка 63,6 207,3534,2955,2452
Название рассылки 64,Название кампании 64,Email,Январь,27.01.2022,2022,4,4,04-четверг,12:52,#ССЫЛКА,Тема письма 64,Сегмент 2,2314892,2268594,208711,15027,46 298,20417,Метка 64,10 369,2693,2187,1793
Название рассылки 65,Название кампании 65,Email,Февраль,01.02.2022,2022,5,2,02-вторник,14:45,#ССЫЛКА,Тема письма 65,Сегмент 1,928141,914219,101021,12123,13 922,8228,Метка 65,11 759,4905,4807,3797
Название рассылки 66,Название кампании 66,Email,Февраль,01.02.2022,2022,5,2,02-вторник,14:46,#ССЫЛКА,Тема письма 66,Сегмент 2,762530,747279,134510,12106,15 251,6726,Метка 66,10 290,6235,5424,4068
Название рассылки 67,Название кампании 67,Email,Февраль,03.02.2022,2022,5,4,04-четверг,16:08,#ССЫЛКА,Тема письма 67,Сегмент 3,1416809,1388473,242011,20329,28 336,12496,Метка 67,18 703,7236,6151,4490
Название рассылки 68,Название кампании 68,Email,Февраль,03.02.2022,2022,5,4,04-четверг,16:09,#ССЫЛКА,Тема письма 68,Сегмент 1,1273715,1254609,138634,5407,19 106,11291,Метка 68,5 028,1738,1477,1167
Название рассылки 69,Название кампании 69,Email,Февраль,08.02.2022,2022,6,2,02-вторник,15:59,#ССЫЛКА,Тема письма 69,Сегмент 2,1544032,1513151,139210,10023,30 881,13618,Метка 69,9 121,2202,1841,1528
Название рассылки 70,Название кампании 70,Email,Февраль,08.02.2022,2022,6,2,02-вторник,15:59,#ССЫЛКА,Тема письма 70,Сегмент 1,925705,911819,100756,9068,13 886,8206,Метка 70,6 257,1625,1592,1258
Название рассылки 71,Название кампании 71,Email,Февраль,10.02.2022,2022,6,4,04-четверг,15:48,#ССЫЛКА,Тема письма 71,Сегмент 2,1719605,1685213,155040,13023,34 392,15167,Метка 71,12 633,5269,4584,3438
Название рассылки 72,Название кампании 72,Email,Февраль,14.02.2022,2022,7,1,01-понедельник,15:53,#ССЫЛКА,Тема письма 72,Сегмент 3,2028149,1987586,219628,8566,40 563,17888,Метка 72,7 281,4411,3750,2737
Название рассылки 73,Название кампании 73,Email,Февраль,18.02.2022,2022,8,5,05-пятница,13:36,#ССЫЛКА,Тема письма 73,Сегмент 1,1026345,1010950,181971,13102,15 395,9099,Метка 73,12 054,4664,3899,3080
Название рассылки 74,Название кампании 74,Email,Февраль,23.02.2022,2022,8,3,03-среда,15:53,#ССЫЛКА,Тема письма 74,Сегмент 2,2170743,2127328,235070,28208,43 415,19146,Метка 74,26 234,9066,7362,6110
Название рассылки 75,Название кампании 75,Email,Февраль,23.02.2022,2022,8,3,03-среда,15:53,#ССЫЛКА,Тема письма 75,Сегмент 3,1812082,1775840,319651,28769,36 242,15983,Метка 75,26 179,6320,6193,5079
Название рассылки 76,Название кампании 76,Email,Февраль,23.02.2022,2022,8,3,03-среда,15:53,#ССЫЛКА,Тема письма 76,Сегмент 1,1188879,1171046,204113,17146,17 833,10539,Метка 76,14 917,8494,7389,5838
Название рассылки 77,Название кампании 77,Email,Февраль,23.02.2022,2022,8,3,03-среда,15:53,#ССЫЛКА,Тема письма 77,Сегмент 2,901704,883670,97646,3808,18 034,7953,Метка 77,2 628,682,580,435
Название рассылки 78,Название кампании 78,Email,Февраль,23.02.2022,2022,8,3,03-среда,15:53,#ССЫЛКА,Тема письма 78,Сегмент 3,2239201,2194417,201886,14536,44 784,19750,Метка 78,14 100,5881,4999,3649
Название рассылки 79,Название кампании 79,Email,Февраль,23.02.2022,2022,8,3,03-среда,15:53,#ССЫЛКА,Тема письма 79,Сегмент 1,890442,877085,152876,18345,13 357,7894,Метка 79,15 593,9448,7899,6240
Название рассылки 80,Название кампании 80,Email,Февраль,23.02.2022,2022,8,3,03-среда,15:53,#ССЫЛКА,Тема письма 80,Сегмент 3,2065892,2024574,186261,15646,41 318,18221,Метка 80,14 551,5029,4928,4041
Название рассылки 81,Название кампании 81,Email,Февраль,23.02.2022,2022,8,3,03-среда,15:53,#ССЫЛКА,Тема письма 81,Сегмент 1,961099,946683,104608,4080,14 416,8520,Метка 81,3 713,896,780,616
Название рассылки 82,Название кампании 82,Email,Март,10.03.2022,2022,10,4,04-четверг,14:33,#ССЫЛКА,Тема письма 82,Сегмент 2,2273314,2227848,401013,28873,45 466,20051,Метка 82,25 119,14303,12158,9118
Название рассылки 83,Название кампании 83,Email,Март,10.03.2022,2022,10,4,04-четверг,14:33,#ССЫЛКА,Тема письма 83,Сегмент 1,773590,758118,132140,15857,15 472,6823,Метка 83,10 941,2841,2375,1734
Название рассылки 84,Название кампании 84,Email,Март,15.03.2022,2022,11,2,02-вторник,13:42,#ССЫЛКА,Тема письма 84,Сегмент 2,1003090,988044,109179,9826,15 046,8892,Метка 84,9 531,3976,3228,2550
Название рассылки 85,Название кампании 85,Email,Март,18.03.2022,2022,12,5,05-пятница,14:27,#ССЫЛКА,Тема письма 85,Сегмент 3,2410055,2361854,217291,18252,48 201,21257,Метка 85,15 515,9400,9212,7646
Название рассылки 86,Название кампании 86,Email,Март,18.03.2022,2022,12,5,05-пятница,14:27,#ССЫЛКА,Тема письма 86,Сегмент 1,2377276,2329730,406072,15837,47 546,20968,Метка 86,14 570,5637,4904,4021
Название рассылки 87,Название кампании 87,Email,Март,18.03.2022,2022,12,5,05-пятница,14:27,#ССЫЛКА,Тема письма 87,Сегмент 2,2109213,2077575,229572,16529,31 638,18698,Метка 87,15 372,5313,4516,3567
Название рассылки 88,Название кампании 88,Email,Март,18.03.2022,2022,12,5,05-пятница,14:27,#ССЫЛКА,Тема письма 88,Сегмент 3,978161,958598,88191,10583,19 563,8627,Метка 88,9 630,2325,1976,1482
Название рассылки 89,Название кампании 89,Email,Март,18.03.2022,2022,12,5,05-пятница,14:27,#ССЫЛКА,Тема письма 89,Сегмент 1,857219,840075,92828,8355,17 144,7561,Метка 89,7 268,4139,3460,2526
Название рассылки 90,Название кампании 90,Email,Март,18.03.2022,2022,12,5,05-пятница,14:27,#ССЫЛКА,Тема письма 90,Сегмент 3,585396,573688,63393,2472,11 708,5163,Метка 90,2 398,1000,980,814
Название рассылки 91,Название кампании 91,Email,Март,18.03.2022,2022,12,5,05-пятница,14:27,#ССЫЛКА,Тема письма 91,Сегмент 1,1867794,1830438,329479,23722,37 356,16474,Метка 91,20 164,12217,10629,8716
Название рассылки 92,Название кампании 92,Email,Март,24.03.2022,2022,12,4,04-четверг,15:59,#ССЫЛКА,Тема письма 92,Сегмент 2,1509215,1486577,259110,31093,22 638,13379,Метка 92,28 606,11068,9407,7432
Название рассылки 93,Название кампании 93,Email,Март,24.03.2022,2022,12,4,04-четверг,16:03,#ССЫЛКА,Тема письма 93,Сегмент 3,911950,893711,98755,8888,18 239,8043,Метка 93,8 266,2857,2388,1791
Название рассылки 94,Название кампании 94,Email,Март,24.03.2022,2022,12,4,04-четверг,16:02,#ССЫЛКА,Тема письма 94,Сегмент 1,1803085,1767023,162566,13656,36 062,15903,Метка 94,12 427,3000,2436,1778
Название рассылки 95,Название кампании 95,Email,Март,24.03.2022,2022,12,4,04-четверг,16:01,#ССЫЛКА,Тема письма 95,Сегмент 2,2458586,2421707,422104,16462,36 879,21795,Метка 95,14 322,8155,7992,6314
Название рассылки 96,Название кампании 96,Email,Март,24.03.2022,2022,12,4,04-четверг,16:01,#ССЫЛКА,Тема письма 96,Сегмент 3,1099253,1077268,119038,8571,21 985,9695,Метка 96,5 914,1536,1336,1109
Название рассылки 97,Название кампании 97,Email,Март,24.03.2022,2022,12,4,04-четверг,15:04,#ССЫЛКА,Тема письма 97,Сегмент 1,2054044,2012963,185193,22223,41 081,18117,Метка 97,21 556,8991,7643,6267
Название рассылки 98,Название кампании 98,Email,Март,28.03.2022,2022,13,1,01-понедельник,16:01,#ССЫЛКА,Тема письма 98,Сегмент 2,1007370,992259,109645,9868,15 111,8930,Метка 98,8 388,5082,3812,3011
Название рассылки 99,Название кампании 99,Email,Март,28.03.2022,2022,13,1,01-понедельник,16:02,#ССЫЛКА,Тема письма 99,Сегмент 3,2475420,2425912,436664,36680,49 508,21833,Метка 99,33 745,13056,10314,7736
Название рассылки 100,Название кампании 100,Email,Апрель,11.04.2022,2022,15,1,01-понедельник,16:26,#ССЫЛКА,Тема письма 100,Сегмент 3,1201415,1141344,182615,15340,60 071,11413,Метка 100,13 959,3370,2864,2263
Название рассылки 101,Название кампании 101,Email,Апрель,12.04.2022,2022,15,2,02-вторник,16:26,#ССЫЛКА,Тема письма 101,Сегмент 1,1393827,1324136,264827,10328,69 691,13241,Метка 101,8 986,5116,4277,3208
Название рассылки 102,Название кампании 102,Email,Апрель,13.04.2022,2022,15,3,03-среда,16:26,#ССЫЛКА,Тема письма 102,Сегмент 2,1276821,1212980,218336,15720,63 841,12130,Метка 102,10 847,2817,2287,1670
Название рассылки 103,Название кампании 103,Email,Апрель,14.04.2022,2022,15,4,04-четверг,16:26,#ССЫЛКА,Тема письма 103,Сегмент 3,1816560,1725732,276117,33134,90 828,15014,Метка 103,32 140,13406,13137,10379
Название рассылки 105,Название кампании 105,Email,Апрель,14.04.2022,2022,15,4,04-четверг,14:47,#ССЫЛКА,Тема письма 105,Сегмент 2,958429,910508,127471,10708,47 921,7921,Метка 105,9 851,3811,3240,1490
Название рассылки 106,Название кампании 106,Email,Апрель,14.04.2022,2022,15,4,04-четверг,14:24,#ССЫЛКА,Тема письма 106,Сегмент 3,2066466,1963143,274840,10719,103 323,17079,Метка 106,9 968,3445,2880,1325
Название рассылки 104,Название кампании 104,Email,Апрель,15.04.2022,2022,16,5,05-пятница,16:26,#ССЫЛКА,Тема письма 104,Сегмент 1,1002437,952315,152370,13713,50 122,8285,Метка 104,11 656,7063,6144,2273
Название рассылки 107,Название кампании 107,Email,Апрель,22.04.2022,2022,17,5,05-пятница,11:49,#ССЫЛКА,Тема письма 107,Сегмент 1,1721632,1635550,228977,16486,86 082,14229,Метка 107,15 003,3622,2941,1323
Название рассылки 108,Название кампании 108,Email,Апрель,22.04.2022,2022,17,5,05-пятница,12:11,#ССЫЛКА,Тема письма 108,Сегмент 2,2198692,2088757,292426,35091,109 935,18172,Метка 108,30 529,17383,17036,14140
Название рассылки 109,Название кампании 109,Email,Апрель,26.04.2022,2022,17,2,02-вторник,14:56,#ССЫЛКА,Тема письма 109,Сегмент 3,1220097,1159092,162273,14605,61 005,10084,Метка 109,10 077,2617,2277,1867
Название рассылки 110,Название кампании 110,Email,Апрель,26.04.2022,2022,17,2,02-вторник,14:58,#ССЫЛКА,Тема письма 110,Сегмент 2,551502,523927,73350,2861,27 575,3615,Метка 110,2 432,1473,1232,924
Название рассылки 111,Название кампании 111,Email,Май,05.05.2022,2022,18,4,04-четверг,12:10,#ССЫЛКА,Тема письма 111,Сегмент 3,1129965,1073467,150285,10821,56 498,7407,Метка 111,9 955,3852,3127,2283
Название рассылки 112,Название кампании 112,Email,Май,12.05.2022,2022,19,4,04-четверг,12:04,#ССЫЛКА,Тема письма 112,Сегмент 1,2378647,2259715,316360,37963,118 932,15592,Метка 112,35 306,12202,11958,9447
Название рассылки 113,Название кампании 113,Email,Май,16.05.2022,2022,20,1,01-понедельник,12:06,#ССЫЛКА,Тема письма 113,Сегмент 2,725023,688772,109859,9887,36 251,4753,Метка 113,8 997,2172,1890,1568
Название рассылки 114,Название кампании 114,Email,Май,20.05.2022,2022,21,5,05-пятница,12:04,#ССЫЛКА,Тема письма 114,Сегмент 3,834290,792576,129348,10865,41 715,5469,Метка 114,9 453,5382,4575,3752